{
  "hall_of_fame_fitnesses": [
    0.006409855141096936
  ], 
  "hall_of_fame": [
    [
      0.3029855266130957, 
      0.45620998334003776, 
      0.13878026852005032, 
      0.8322001803786798
    ]
  ], 
  "run_number": 26
}