{
  "hall_of_fame_fitnesses": [
    0.021332565585506506
  ], 
  "hall_of_fame": [
    [
      0.2438938792434795, 
      3.744380211564161, 
      0.14076942354870248, 
      0.8899633421920083
    ]
  ], 
  "run_number": 5
}