{
  "hall_of_fame_fitnesses": [
    0.005977442154291344
  ], 
  "hall_of_fame": [
    [
      0.3049884740842005, 
      0.6172034601336757, 
      0.16827898645370176, 
      0.9142658092866742
    ]
  ], 
  "run_number": 6
}