{
  "hall_of_fame_fitnesses": [
    0.007393130727614665
  ], 
  "hall_of_fame": [
    [
      0.1770233069358983, 
      0.9139166035783064, 
      0.12095552825118427, 
      0.8552294149021749
    ]
  ], 
  "run_number": 9
}