{
  "hall_of_fame_fitnesses": [
    0.006973008636877416
  ], 
  "hall_of_fame": [
    [
      0.1837827063850943, 
      0.9411175859057584, 
      0.32863903163737673, 
      0.6506197311852918
    ]
  ], 
  "run_number": 8
}