{
  "hall_of_fame_fitnesses": [
    0.007346981520212276
  ], 
  "hall_of_fame": [
    [
      0.4169508319248746, 
      -0.009033930765970949, 
      0.775839277328004, 
      2.046092755053537
    ]
  ], 
  "run_number": 25
}