{
  "hall_of_fame_fitnesses": [
    0.0077249187144410435
  ], 
  "hall_of_fame": [
    [
      0.3928554244907862, 
      1.029085957667448, 
      0.08051704004885518, 
      2.128810150304109
    ]
  ], 
  "run_number": 2
}