{
  "hall_of_fame_fitnesses": [
    0.011303048645056159
  ], 
  "hall_of_fame": [
    [
      0.15824346773303904, 
      1.5098023982566233, 
      2.449105336238495, 
      0.974056534837619
    ]
  ], 
  "run_number": 13
}