{
  "hall_of_fame_fitnesses": [
    0.019867654739000002
  ], 
  "hall_of_fame": [
    [
      0.20256100340250927, 
      -0.3093301050751007, 
      0.07473018531549858, 
      0.8094907541660229
    ]
  ], 
  "run_number": 10
}