{
  "hall_of_fame_fitnesses": [
    0.024902267180915837
  ], 
  "hall_of_fame": [
    [
      0.20265782426571877, 
      0.04511272454084714, 
      0.09175407739115371, 
      0.5108063459986618
    ]
  ], 
  "run_number": 3
}