{
  "hall_of_fame_fitnesses": [
    0.007578146569295626
  ], 
  "hall_of_fame": [
    [
      0.7993743038352693, 
      -0.8812087363918387, 
      0.21682527327196455, 
      1.7577760748547149
    ]
  ], 
  "run_number": 1
}