{
  "hall_of_fame_fitnesses": [
    0.006437316330650317
  ], 
  "hall_of_fame": [
    [
      0.8506008386554944, 
      0.5908940489425003, 
      0.09905827670871681, 
      0.9366864963713522
    ]
  ], 
  "run_number": 10
}