{
  "hall_of_fame_fitnesses": [
    0.006868530268568721
  ], 
  "hall_of_fame": [
    [
      0.9957523055492303, 
      0.1244943018698963, 
      0.27660762789827453, 
      1.9577947486014324
    ]
  ], 
  "run_number": 18
}