{
  "hall_of_fame_fitnesses": [
    0.029202978336144072
  ], 
  "hall_of_fame": [
    [
      0.22282315319752688, 
      0.2288848564981788, 
      0.12940419474254738, 
      2.111624501763067
    ]
  ], 
  "run_number": 6
}