{
  "hall_of_fame_fitnesses": [
    0.020434430372084377
  ], 
  "hall_of_fame": [
    [
      0.36668979013531144, 
      1.7487410182733147, 
      0.1159257145772082, 
      0.914542700310715
    ]
  ], 
  "run_number": 9
}