{
  "hall_of_fame_fitnesses": [
    0.0070865090921882245
  ], 
  "hall_of_fame": [
    [
      0.19137894899912067, 
      1.5962491068288012, 
      0.8912208241866051, 
      0.9201829944748312
    ]
  ], 
  "run_number": 19
}