{
  "hall_of_fame_fitnesses": [
    0.0029504501560616023
  ], 
  "hall_of_fame": [
    [
      0.224173849973879, 
      1.5286741342587518, 
      0.33489700207457507, 
      0.9696857221437376
    ]
  ], 
  "run_number": 11
}