{
  "hall_of_fame_fitnesses": [
    0.008057239712372292
  ], 
  "hall_of_fame": [
    [
      0.36940652635064675, 
      0.08860183864146376, 
      0.2975544980738597, 
      0.9026753952179022
    ]
  ], 
  "run_number": 3
}