{
  "hall_of_fame_fitnesses": [
    0.023831053056642116
  ], 
  "hall_of_fame": [
    [
      0.7677743447485847, 
      1.181616609372055, 
      0.17603478808974282, 
      0.5440916365678781
    ]
  ], 
  "run_number": 7
}