{
  "hall_of_fame_fitnesses": [
    0.020113859332744878
  ], 
  "hall_of_fame": [
    [
      0.3981896500265071, 
      -0.3566991711481843, 
      0.07332989158756953, 
      0.6151245935795733
    ]
  ], 
  "run_number": 1
}