{
  "hall_of_fame_fitnesses": [
    0.0065908102745852425
  ], 
  "hall_of_fame": [
    [
      0.2069371178844437, 
      -0.42927438554502834, 
      0.08488660537309456, 
      0.7975908268333637
    ]
  ], 
  "run_number": 16
}