{
  "hall_of_fame_fitnesses": [
    0.007406612094496898
  ], 
  "hall_of_fame": [
    [
      0.22039413258982932, 
      0.1238980216978911, 
      0.12074958567889371, 
      1.227733647869534
    ]
  ], 
  "run_number": 14
}