{
  "hall_of_fame_fitnesses": [
    2.991803213707026
  ], 
  "hall_of_fame": [
    [
      0.044099584501874345, 
      0.2428527410567598, 
      0.005100384607083064, 
      0.016119482716478117
    ]
  ], 
  "run_number": 1
}