{
  "hall_of_fame_fitnesses": [
    0.006839910796701871
  ], 
  "hall_of_fame": [
    [
      0.3655231397735258, 
      -0.20077061638353022, 
      0.12055572055721475, 
      0.7241478924151489
    ]
  ], 
  "run_number": 38
}