{
  "hall_of_fame_fitnesses": [
    0.0073968976801029795
  ], 
  "hall_of_fame": [
    [
      0.18131613342228525, 
      0.9579400881196745, 
      0.15265534854037555, 
      0.9333361442975985
    ]
  ], 
  "run_number": 22
}