{
  "hall_of_fame_fitnesses": [
    0.0070788200002774295
  ], 
  "hall_of_fame": [
    [
      1.4417495703001408, 
      0.9070954490939945, 
      0.1272302402283172, 
      0.9213227567993838
    ]
  ], 
  "run_number": 39
}