{
  "hall_of_fame_fitnesses": [
    1.6436380221788562
  ], 
  "hall_of_fame": [
    [
      0.02608296687337408, 
      0.7527983135513764, 
      0.05659959179186791, 
      0.04757568248851418
    ]
  ], 
  "run_number": 9
}