{
  "hall_of_fame_fitnesses": [
    0.0059854325221961125
  ], 
  "hall_of_fame": [
    [
      1.024041913143962, 
      -0.04234949927148979, 
      0.200397307120459, 
      1.523303991681447
    ]
  ], 
  "run_number": 9
}