{
  "hall_of_fame_fitnesses": [
    0.16266304757495095
  ], 
  "hall_of_fame": [
    [
      0.8906665621312572, 
      0.9262580391484176, 
      0.1173598645208187, 
      0.10691803830514424
    ]
  ], 
  "run_number": 8
}