{
  "hall_of_fame_fitnesses": [
    0.008237546311940683
  ], 
  "hall_of_fame": [
    [
      0.36207926601704454, 
      1.4187762031779276, 
      0.23693246385587585, 
      0.9463159731278429
    ]
  ], 
  "run_number": 28
}