{
  "hall_of_fame_fitnesses": [
    0.006910446127531557
  ], 
  "hall_of_fame": [
    [
      3.0977459092203103, 
      0.24373830642203154, 
      0.10744143015427365, 
      0.9986008947751228
    ]
  ], 
  "run_number": 33
}