{
  "hall_of_fame_fitnesses": [
    2.2167187759447113
  ], 
  "hall_of_fame": [
    [
      0.012436725583188424, 
      0.2347928010321405, 
      0.5401492644072691, 
      0.04164067052887066
    ]
  ], 
  "run_number": 7
}