{
  "hall_of_fame_fitnesses": [
    0.009648182639486153
  ], 
  "hall_of_fame": [
    [
      0.20480819496946912, 
      0.27500260191511583, 
      0.1793732650306018, 
      0.5320067510129285
    ]
  ], 
  "run_number": 4
}