{
  "hall_of_fame_fitnesses": [
    0.3516700635528799
  ], 
  "hall_of_fame": [
    [
      0.013599286646161612, 
      0.015902705964435326, 
      0.17491542702549545, 
      0.1618687656128266
    ]
  ], 
  "run_number": 6
}