{
  "hall_of_fame_fitnesses": [
    0.006359230157030024
  ], 
  "hall_of_fame": [
    [
      0.5773976764173433, 
      -0.6712268822766903, 
      0.11923402437146702, 
      1.1879527538480021
    ]
  ], 
  "run_number": 37
}