{
  "hall_of_fame_fitnesses": [
    0.005885367299078032
  ], 
  "hall_of_fame": [
    [
      0.21056513566352514, 
      1.5897742491055176, 
      0.11817417466799197, 
      0.9116116232732374
    ]
  ], 
  "run_number": 20
}