{
  "hall_of_fame_fitnesses": [
    0.006103381834721994
  ], 
  "hall_of_fame": [
    [
      0.23333698492160015, 
      1.1627359229124747, 
      0.08400063466977106, 
      1.205316687067515
    ]
  ], 
  "run_number": 30
}