{
  "hall_of_fame_fitnesses": [
    0.006225126843701352
  ], 
  "hall_of_fame": [
    [
      0.6788799966590838, 
      1.712661488274648, 
      0.21408980373533126, 
      3.5841367987167834
    ]
  ], 
  "run_number": 10
}