{
  "hall_of_fame_fitnesses": [
    0.0070940043327621
  ], 
  "hall_of_fame": [
    [
      0.5407469409336975, 
      0.11139109254964197, 
      0.24886725047682212, 
      1.2486633557087479
    ]
  ], 
  "run_number": 40
}