{
  "hall_of_fame_fitnesses": [
    0.02033650533461908
  ], 
  "hall_of_fame": [
    [
      0.18208168021021387, 
      0.6193378801269815, 
      0.06947149608086944, 
      0.5959531920693957
    ]
  ], 
  "run_number": 4
}