{
  "hall_of_fame_fitnesses": [
    0.006133478066889057
  ], 
  "hall_of_fame": [
    [
      0.4180829936244403, 
      -0.455755294099791, 
      0.31421611181005704, 
      1.89762238012921
    ]
  ], 
  "run_number": 15
}