{
  "hall_of_fame_fitnesses": [
    0.006494777212244016
  ], 
  "hall_of_fame": [
    [
      0.351138424639476, 
      0.38552284482247245, 
      0.17544246956030018, 
      0.9808330371848744
    ]
  ], 
  "run_number": 7
}