{
  "hall_of_fame_fitnesses": [
    0.007220720507616973
  ], 
  "hall_of_fame": [
    [
      0.9458586427252638, 
      0.41338423363501975, 
      0.10449710229182418, 
      2.0009809634283666
    ]
  ], 
  "run_number": 35
}