{
  "hall_of_fame_fitnesses": [
    0.022957836584491114
  ], 
  "hall_of_fame": [
    [
      1.3111884280134192, 
      0.13261075789938603, 
      0.27637098675581834, 
      1.9868068692874727
    ]
  ], 
  "run_number": 8
}