{
  "hall_of_fame_fitnesses": [
    0.008709089578574244
  ], 
  "hall_of_fame": [
    [
      0.15523250491948415, 
      0.6242027187660405, 
      0.3638413071264738, 
      0.8004300720294335
    ]
  ], 
  "run_number": 5
}