{
  "hall_of_fame_fitnesses": [
    0.006311069555828271
  ], 
  "hall_of_fame": [
    [
      0.4694094007577474, 
      0.3566842244916828, 
      0.11241496226523995, 
      2.5084434715489596
    ]
  ], 
  "run_number": 31
}