{
  "hall_of_fame_fitnesses": [
    0.006186137978120595
  ], 
  "hall_of_fame": [
    [
      0.21491461435775627, 
      0.23831127364209814, 
      0.16696370981404007, 
      0.7340000474164649
    ]
  ], 
  "run_number": 2
}