{
  "hall_of_fame_fitnesses": [
    0.7350863434791184
  ], 
  "hall_of_fame": [
    [
      0.0039333469545809185, 
      0.7579970225457798, 
      0.7148333337921556, 
      0.11347694236666739
    ]
  ], 
  "run_number": 10
}