{
  "hall_of_fame_fitnesses": [
    0.12996891035709107
  ], 
  "hall_of_fame": [
    [
      0.7837157344416897, 
      0.8448389004629588, 
      0.1473940349472309, 
      0.01497831642807912
    ]
  ], 
  "run_number": 2
}