{
  "hall_of_fame_fitnesses": [
    0.007338130432520341
  ], 
  "hall_of_fame": [
    [
      0.16531786266318452, 
      -0.5073465621317296, 
      0.18426148329916991, 
      1.5537421865418253
    ]
  ], 
  "run_number": 32
}