{
  "hall_of_fame_fitnesses": [
    0.006422477165697286
  ], 
  "hall_of_fame": [
    [
      0.3602120960194217, 
      0.5648424705510973, 
      0.3103756641006642, 
      1.0077133199128063
    ]
  ], 
  "run_number": 29
}