{
  "hall_of_fame_fitnesses": [
    0.00610196248410664
  ], 
  "hall_of_fame": [
    [
      0.1610476900273483, 
      0.7907526944252037, 
      0.0890305621924774, 
      0.886905403491377
    ]
  ], 
  "run_number": 34
}