{
  "hall_of_fame_fitnesses": [
    0.0062055499470422375
  ], 
  "hall_of_fame": [
    [
      0.7151825563127425, 
      -0.5257298311859081, 
      0.21036939372884644, 
      2.9820294822095477
    ]
  ], 
  "run_number": 4
}