{
  "hall_of_fame_fitnesses": [
    0.006424109964728234
  ], 
  "hall_of_fame": [
    [
      2.0860038446752114, 
      2.160587485016894, 
      0.09262648257043682, 
      1.4028529321193808
    ]
  ], 
  "run_number": 3
}