{
  "hall_of_fame_fitnesses": [
    0.006946484389670291
  ], 
  "hall_of_fame": [
    [
      0.22887419040856993, 
      1.2347075346693566, 
      0.10860240807868704, 
      0.8079989188616032
    ]
  ], 
  "run_number": 24
}