{
  "hall_of_fame_fitnesses": [
    3.2875173709106345
  ], 
  "hall_of_fame": [
    [
      0.820200969581394, 
      0.15626251261832957, 
      0.0007286679130230622, 
      0.040592600793863176
    ]
  ], 
  "run_number": 4
}