{
  "hall_of_fame_fitnesses": [
    0.32966574693977874
  ], 
  "hall_of_fame": [
    [
      0.028888131010070373, 
      0.7613387844249555, 
      0.09590580179443497, 
      0.14867726912079116
    ]
  ], 
  "run_number": 5
}