{
  "hall_of_fame_fitnesses": [
    0.006436569497019107
  ], 
  "hall_of_fame": [
    [
      0.8774613930469316, 
      -0.17978138251532794, 
      0.15060590679829122, 
      2.146772787390095
    ]
  ], 
  "run_number": 5
}