{
  "hall_of_fame_fitnesses": [
    0.005678011627111766
  ], 
  "hall_of_fame": [
    [
      0.17083826521315038, 
      0.5873450631852718, 
      0.260744035242928, 
      0.831945354102896
    ]
  ], 
  "run_number": 6
}