{
  "hall_of_fame_fitnesses": [
    0.006227290853346823
  ], 
  "hall_of_fame": [
    [
      0.25490354127672477, 
      0.9065083441155395, 
      0.49381221718777246, 
      1.1117545005395741
    ]
  ], 
  "run_number": 36
}