{
  "hall_of_fame_fitnesses": [
    0.006566816275679239
  ], 
  "hall_of_fame": [
    [
      2.5156445512520915, 
      0.05437021263716291, 
      0.24993609382798898, 
      2.4969459111538996
    ]
  ], 
  "run_number": 21
}