{
  "hall_of_fame_fitnesses": [
    13.14376150998127
  ], 
  "hall_of_fame": [
    [
      0.03828077737181135, 
      0.1335396130005171, 
      0.5023406671644571, 
      0.02949318527633371
    ]
  ], 
  "run_number": 3
}