{
  "hall_of_fame_fitnesses": [
    0.007817883715381902
  ], 
  "hall_of_fame": [
    [
      0.19628573407172867, 
      -1.358286026372776, 
      0.22765976800468576, 
      1.4935201931691906
    ]
  ], 
  "run_number": 27
}