{
  "hall_of_fame_fitnesses": [
    0.0066752929539718115
  ], 
  "hall_of_fame": [
    [
      0.39266914021633026, 
      -0.4227287063502113, 
      0.19317347831512632, 
      0.8847556975186261
    ]
  ], 
  "run_number": 23
}