{
  "hall_of_fame_fitnesses": [
    0.006306475996488822
  ], 
  "hall_of_fame": [
    [
      0.7961962795509787, 
      0.21220824680464478, 
      0.17333117154480665, 
      1.8897337045085119
    ]
  ], 
  "run_number": 12
}