{
  "hall_of_fame_fitnesses": [
    0.008065290780271458
  ], 
  "hall_of_fame": [
    [
      0.2470430569963974, 
      -0.17469372962124996, 
      0.35406782435965656, 
      0.9492425477250759
    ]
  ], 
  "run_number": 17
}