{
  "hall_of_fame_fitnesses": [
    0.006650823122006208
  ], 
  "hall_of_fame": [
    [
      3.0259862316652195, 
      0.0073108137638708826, 
      0.09915393355933222, 
      1.8081853066770686
    ]
  ], 
  "run_number": 7
}