{
  "hall_of_fame_fitnesses": [
    0.008039898970633357
  ], 
  "hall_of_fame": [
    [
      0.27543310901391194, 
      0.3133920178662605, 
      0.2825768883741292, 
      0.8264510246401054
    ]
  ], 
  "run_number": 1
}