{
  "hall_of_fame_fitnesses": [
    0.024319623979311516
  ], 
  "hall_of_fame": [
    [
      1.7302620771937394, 
      0.7052614182979435, 
      0.04569592282669355, 
      0.5116667627180238
    ]
  ], 
  "run_number": 2
}