{
  "hall_of_fame_fitnesses": [
    0.006267944079618282
  ], 
  "hall_of_fame": [
    [
      0.42006843620408035, 
      -0.5237522948100468, 
      0.2534636860601111, 
      2.4679305243258076
    ]
  ], 
  "run_number": 8
}